{
  "泠鸢yousa": 523364.80578512396,
  "hanser": 750534.8888888889,
  "祖娅纳惜": 588229.6049382716,
  "多多poi丶": 453878.7418032787,
  "神楽七奈Official": 500348.578125,
  "鹿乃ちゃん": 411582.2586206897,
  "AIChannel官方": 128354.46735990756,
  "嘉然今天吃什么": 664561.1404494382,
  "C酱です": 177166.73548387096,
  "小狼XF": 399362.34244604316,
  "一块电鹿板": 781113.9328859061,
  "冰糖IO": 107134.05295950155,
  "HiiroVTuber": 346858.72897196264,
  "神楽Mea_Official": 126266.04994054697,
  "shourei小N": 198802.00714285715,
  "扶桑大红花丶": 294042.7106918239,
  "AIChannel中国绊爱": 127238.6418918919,
  "新月冰冰": 103329.38178294574,
  "七海Nana7mi": 80412.41504854368,
  "咩栗": 490369.8070175439,
  "月隐空夜": 229709.84322033898,
  "陆鳐LuLu": 350907.6213592233,
  "本气黑猫": 96581.64949402024,
  "白神遥Haruka": 369463.29496402876,
  "乃琳Queen": 159075.95744680852,
  "Overidea_China": 126280.375,
  "早稻叽": 155131.6349206349,
  "贝拉kira": 155682.4331210191,
  "花园Serena": 67877.21604938271,
  "有栖Mana_Official": 62962.59631147541,
  "阿萨Aza": 119374.09198113208,
  "向晚大魔王": 172287.0194805195,
  "菜菜子Nanako": 360603.60784313723,
  "恋乃夜舞_propro": 118117.15625,
  "小希小桃Channel": 106218.66129032258,
  "蕾尔娜Leona": 184506.9224489796,
  "呜米": 347499.1451612903,
  "珈乐Carol": 236363.42222222223,
  "茉吱Mojuko": 307051.7611940298,
  "泰蕾莎Channel": 320022.6476190476,
  "YUKIri": 172710.30379746837,
  "伊万_iiivan": 329481.60975609755,
  "阿梓从小就很可爱": 149338.24444444446,
  "绯赤艾莉欧Official": 47290.24193548387,
  "猫宫日向Official": 115169.5191740413,
  "星宮汐Official": 153216.41666666666,
  "i御十二": 33897.74820143885,
  "帕里_Paryi": 97112.42592592593,
  "花丸晴琉Official": 84599.52024922118,
  "是姬拉Kira": 120549.87443946188,
  "还有醒着的么": 73730.05759162303,
  "犬山玉姬Official": 77114.84391080617,
  "奈姬niki": 204380.28205128206,
  "物述有栖Official": 39177.367965367965,
  "梦音茶糯": 93058.50234741785,
  "小可学妹": 82386.36956521739,
  "永雏塔菲": 200310.05128205128,
  "@黎之恒": 251795.61290322582,
  "冥冥meichan": 196521.36363636365,
  "疾風醬": 165607.1348973607,
  "Ruriko琉璃子Channel": 94865.79,
  "雫るる_Official": 67845.68382352941,
  "Akie秋绘": 82822.8275862069,
  "你的可樱已上线": 117066.51648351649,
  "怠惰V_official": 90077.609375,
  "花花Haya": 76448.05555555556,
  "琉绮Ruki": 40583.882882882885,
  "可愛的島風": 176396.39024390245,
  "木糖纯Official": 15876.751515151514,
  "鹿子kanoco": 119415.47916666667,
  "夏诺雅_shanoa": 63743.830882352944,
  "葛叶Official": 51305.23717948718,
  "雪狐桑": 77753.18316831683,
  "叶Official": 40802.09770992366,
  "七濑Unia": 74828.39240506329,
  "田中姬铃木雏Official": 59110.45080091533,
  "乙女音Official": 41778.87848605578,
  "v猫诺v": 50816.49360613811,
  "步玎Pudding": 49118.045936395756,
  "钉宫妮妮Ninico": 49454.05809128631,
  "本间向日葵Official": 38286.09126984127,
  "笹木咲Official": 35184.2298136646,
  "彼岸霜滢Eliro": 353233.06451612903,
  "兮子cc": 44867.26714801444,
  "黑泽诺亚NOIR": 142408.97959183675,
  "琴吹夢_official": 131321.46616541353,
  "勺Shaun": 118052.73643410853,
  "夢乃栞Yumeno_Shiori": 31272.496732026142,
  "小虾鱼Official": 47395.166666666664,
  "加加゛": 120871.88095238095,
  "QQ星": 142708.89285714287,
  "星奈铃-官方WACTOR": 89685.13186813187,
  "夏川玥玥Official": 121440.02105263158,
  "叫我默默酱": 41186.25,
  "ShizukouOfficial": 95171.55172413793,
  "早见咲Saki": 85424.85365853658,
  "罗伊_Roi": 53325.84285714286,
  "天曰小雏Official": 123541.62222222223,
  "小小约yoo": 172161.82539682538,
  "❀Sakulaˇ小舞": 68514.46575342465,
  "白雪深白Official": 21255.98406374502,
  "切茜娅CheIsea": 171923.3,
  "時雨羽衣Official": 46697.961165048546,
  "穆小泠Official": 36622.558375634515,
  "東雪蓮Official": 196743.98484848486,
  "V子Official": 183720.47368421053,
  "九重紫Official": 74513.82142857143,
  "一支橘猫": 255798.15789473685,
  "心斎桥オクトOfficial": 98476.31730769231,
  "超想吃番茄": 94670.58333333333,
  "艾因Eine": 31876.468253968254,
  "杜松子_Gin": 45169.910994764396,
  "安晴Ankii": 93621.10091743119,
  "茶冷_Channel": 34928.14110429448,
  "胡桃Usa": 31229.351485148516,
  "美波七海-official": 36573.12133891213,
  "不举萌栗": 76473.95,
  "红晓音Akane": 75116.78625954199,
  "綾奈奈奈": 34556.732142857145,
  "高原守Channel": 71420.85483870968,
  "希亚娜Ciyana": 78962.87323943662,
  "铃音_Official": 25250.53947368421,
  "猫芒ベル_Official": 20061.24907063197,
  "ywwuyi": 26828.2,
  "星瞳_Official": 99000.46391752578,
  "兰音Reine": 76463.74436090226,
  "莉泽Official": 15628.701670644392,
  "古守血遊official": 24399.11232876712,
  "蜜汁工坊": 485921,
  "阳向心美Official": 37506.68045112782,
  "凛-阿格里亚斯": 155486.2372881356,
  "古堡龙姬": 52245.086956521736,
  "白雪艾莉娅_Official": 43550.33507853403,
  "扇宝": 52806.57317073171,
  "鹰宫莉音Official": 23873.51968503937,
  "子花酱Hanako": 97079.95454545454,
  "雨街F": 120022.97402597402,
  "鈴宮鈴": 27242.977142857144,
  "筱魈Syou": 48865.59420289855,
  "星弥Hoshimi": 77083.4017094017,
  "蕾蕾大表哥": 92368.39130434782,
  "静凛Official": 16210.015772870662,
  "见风kaze": 162206.93617021278,
  "物理魔法使哈娜酱": 50743.27748691099,
  "彩虹酱哇": 93030.03496503497,
  "池年": 62692.911214953274,
  "鹿野灸": 83168.94520547945,
  "椎名唯华Official": 14830.453987730061,
  "龙胆尊Official": 25979.739130434784,
  "佩内洛珀-克莱因Official": 73224.70833333333,
  "雪绘Yukie": 26591.54406130268,
  "尼奈nine_Official": 99573.88636363637,
  "椎名菜羽Official": 23370.016,
  "妙妙子Official": 38391.60975609756,
  "小东人魚Official": 21987.43621399177,
  "梭梭树": 41915.831460674155,
  "眞白花音_Official": 29252.619791666668,
  "魔王酱Maou_": 47549.74683544304,
  "Kanna_康娜Official": 13997.049056603773,
  "未来明-MiraiAkari": 22581.256,
  "米白zzz": 55489.72131147541,
  "修女克蕾雅Official": 7466.238016528926,
  "早凉": 38809.805555555555,
  "乌拉の帝国Official": 23285.081712062256,
  "小恶魔channel": 68406.71848739496,
  "孙有劲Sunyeojin": 34367.50612244898,
  "小柔Channel": 28970.50684931507,
  "折原露露": 50682.45,
  "JohnkoOfficial": 120406.60655737705,
  "紗耶_sayako": 49111.232558139534,
  "混沌之神-最终虚妄": 86368.34090909091,
  "安洁Official": 17857.012360939432,
  "米哦Official": 20608.48046875,
  "まこと-macoto官方": 132840.55737704918,
  "文静_千鸟Official": 146210.9090909091,
  "烛灵儿Hikari": 55398.7294117647,
  "yakko暗影": 35514.23376623377,
  "千草はな": 26926.14438502674,
  "赫卡Tia": 1604287.5,
  "白百合リリィOfficial": 16466.70588235294,
  "塔克Tako": 159512.23529411765,
  "樋口枫Official": 8866.501738122828,
  "猫雷NyaRu_Official": 36009.73170731707,
  "小伞一把Kokasa": 28134.61261261261,
  "绿仙Official": 16022.052208835341,
  "戌亥床Official": 17332.7084398977,
  "凤玲天天Official": 42179.9375,
  "希月萌奈": 70833.65714285715,
  "三日暦Official": 32390.803418803418,
  "诺拉Nora_Heitis": 68970.7868852459,
  "里奈Rina": 58058.69047619047,
  "adogsama": 62508.69827586207,
  "勾檀Mayumi": 45483.979797979795,
  "东爱璃Lovely": 32128.529411764706,
  "田汐汐_Official": 58190.5078125,
  "喵田弥夜Miya": 19233.52298850575,
  "科尔Channel": 100585.6875,
  "Zoe_舟一": 59952.606060606064,
  "vivian198808": 33942.453658536586,
  "蕾米Remi": 165374.80952380953,
  "秋凛子Rinco": 29923.892156862745,
  "莉姬LIJI": 21250.99431818182,
  "喵奈Official": 30024.06106870229,
  "花留Karu": 41246.93650793651,
  "郡道美玲Official": 17551.310734463277,
  "奶茶姬": 14831.053398058253,
  "窥酱Channel": 37802.882352941175,
  "星川莎拉_Official": 16071.950530035336,
  "西园千草的喵面鱼塘": 17994.046728971964,
  "安堂いなり_official": 8274.543701799486,
  "温之九Dolores": 90524.94,
  "花满Official": 70594.63333333333,
  "陆婉莹GodRiku": 22832.57046979866,
  "森永みうofficial": 14068.244292237443,
  "苺病くすりOfficial": 85512.5,
  "朵一酱Duoyi": 92678.25,
  "鳥取鹿子Official": 183167.53719008266,
  "天气阿准official": 12098.221649484536,
  "昙露流月Channel": 29496.009677419355,
  "家长麦Official": 13300.27966101695,
  "帅比笙歌超可爱OvO": 15639.7375,
  "织月黛黛": 59949.78723404255,
  "弥希Miki": 24006.92,
  "dodo_Official": 53701.794117647056,
  "幽乜Yume": 111491.5294117647,
  "佐仓•M•沙耶加": 14912.191780821919,
  "玉白_official": 74583.5,
  "召唤师yami": 64343.91176470588,
  "蜜球兔": 26248.13475177305,
  "千春_Chiharu": 26911.74647887324,
  "Kiroko96": 98496.92178770949,
  "魔宫永恋Mamiya": 101332.30303030302,
  "神奈希_Official": 8541.5197740113,
  "星汐Seki": 19486.09900990099,
  "山崎薰薰": 33496.53703703704,
  "稻荷月いなり": 231096.32,
  "轴伊Joi_Channel": 29291.51785714286,
  "电脑少女siro_小白": 6045.982089552239,
  "白桃Shirako": 16395.093220338982,
  "巫沐Umo": 71985.18181818182,
  "默磷Mayori": 120796.95161290323,